Candidate Key,Candidate Name,Domain,Source Count,Review Status,Review Count,Include Yes Count,Include No Count,Include Unclear Count,Average Rating,Reviewer,Reviewer Email,Decision,Rating,Comment,Object Feedback,Property Feedback,Object Modifier Feedback,Property Modifier Feedback,Value Set Feedback,Reviewed At,Suggested Naming
17a7774513f1c950c3dcc2b13ab44eb3e8515a68,D18:1/16:0 gm1 ganglioside concentration,"Biomarkers, genetics, and genomics",1,Accepted by majority,1,1,0,0,4.0,John Cheng,hcheng@uab.edu,accept_candidate,4,"The GM1 ganglioside species and concentration property are correctly represented. However, the permissible value should be numeric rather than Text, and the source-specified unit of nM should be included. The lipid-species notation should retain the source capitalization as “d18:1/16:0.”",,,,,,2026-06-15T14:26:43Z,d18:1/16:0 GM1 ganglioside concentration
25db8d178b1fe53c6456e6983dcd740da683eb43,D18:1/18:0 d16:1/20:0 sphingomyelin ratio concentration,"Biomarkers, genetics, and genomics",1,Reviewed,1,0,0,1,3.0,Mengyuan Zhang,zhangm3@ufl.edu,unsure,3,"Generated CDE captures the sphingomyelin ratio concept, but the name is unclear because it loses the explicit `SM(...)/SM(...)` ratio structure. The permissible value type “Text” is likely incorrect; this should be a numeric biomarker value with the appropriate unit/format.
",,,,,,2026-06-02T20:38:44Z,SM(d18:1/18:0)-to-SM(d16:1/20:0) concentration ratio
bcc57250c1d251cf29a086c2554b1ca2e307053b,18:1/oh lysophosphatidylcholine concentration,"Biomarkers, genetics, and genomics",1,Accepted by majority,1,1,0,0,4.0,John Cheng,hcheng@uab.edu,accept_candidate,4,"The lysophosphatidylcholine species and concentration property are correctly represented. However, concentration should be represented as a numeric value rather than Text, with the source-defined unit included if available. The capitalization of “OH” should also be preserved.",,,,,,2026-06-15T14:26:43Z,18:1/OH lysophosphatidylcholine concentration
8a49da03b8c19e7f51a001fcc4d719e4465c18f1,Ae c32:2 phosphatidylcholine concentration,"Biomarkers, genetics, and genomics",1,Reviewed,1,0,0,1,3.0,Erge Edgu-Fry,erge.edgufry@uth.tmc.edu,unsure,3,"""A"" in  ""Ae"" should not be capitalized and ""C"" in ""C32:2"" should be. 
Maintain ""ae C32:2""",,,,,,2026-06-01T14:28:37Z,ae C32:2 phosphatidylcholine concentration
30167bbba1a4d7131e199446bc54e64191ee85ee,Ventricles volume baseline,"Biomarkers, genetics, and genomics",1,Accepted by majority,1,1,0,0,4.0,John Cheng,hcheng@uab.edu,accept_candidate,4,"The candidate correctly identifies ventricular volume at baseline. However, the candidate name should be reordered to “Baseline ventricular volume” or “UCSF ventricular volume at baseline” for clarity. The UCSF context is omitted, and the added exception codes 96 and 99 should be verified because they are not shown in the displayed source permissible values.",,,,,,2026-06-15T14:31:36Z,Baseline ventricular volume
7bdebb01b66f7993b870e05b2dd10be0ebe047de,Large hdl particle ratio phospholipid total lipid,"Biomarkers, genetics, and genomics",1,Reviewed,1,0,0,1,3.0,John Cheng,hcheng@uab.edu,unsure,3,"The candidate captures the large HDL particle and ratio concept, but the name does not clearly express that phospholipids are the numerator and total lipids are the denominator. A clearer name would be “Phospholipids-to-total-lipids ratio in large HDL particles.” The permissible value should also be numeric rather than Text.",,,,,,2026-06-15T14:26:43Z,Phospholipids-to-total-lipids ratio in large HDL particles
35f26be123737d8671375217612c0c2ef0682bdf,Large vldl particle ratio triglyceride total lipid,"Biomarkers, genetics, and genomics",1,Reviewed,1,0,0,1,3.0,John Cheng,hcheng@uab.edu,unsure,3,"The candidate captures the large VLDL particle and ratio concept, but the name does not clearly express that triglycerides are the numerator and total lipids are the denominator. A clearer name would be “Triglycerides-to-total-lipids ratio in large VLDL particles.” The permissible value should also be numeric rather than Text.",,,,,,2026-06-15T14:26:43Z,Triglycerides-to-total-lipids ratio in large VLDL particles
4604066458b4cf6f5d18e8808287055e01d634b0,Right inferior temporal region cmrgl globally normalized,"Biomarkers, genetics, and genomics",1,Accepted by majority,1,1,0,0,4.0,John Cheng,hcheng@uab.edu,accept_candidate,4,"The anatomical region, laterality, CMRgl property, globally normalized modifier, and numeric normalized-count value are correctly represented. However, the candidate name should be reordered for clarity, for example, “Globally normalized CMRgl in the right inferior temporal region.”",,,,,,2026-06-15T14:20:52Z,Globally normalized CMRgl in the right inferior temporal region
c70f69decf0ceb915418acf1734e65bf20cf6c3f,Fructose-bisphosphate aldolase a qllltaddr peptide identifier,"Biomarkers, genetics, and genomics",1,Accepted by majority,1,1,0,0,4.0,Erge Edgu-Fry,erge.edgufry@uth.tmc.edu,accept_candidate,4,"capitalize ""A""s in ""aldolase A"" 
""QLLLTADDR"" should be capitalized",,,,,,2026-06-01T14:28:37Z,Fructose-bisphosphate aldolase A QLLLTADDR peptide identifier
e663977f64f7fc740c86826deead983f12477978,Protein-l-isoaspartate(d-aspartate) o-methyltransferase vqlvvgdgr peptide abundance,"Biomarkers, genetics, and genomics",1,Accepted by majority,1,1,0,0,4.0,John Cheng,hcheng@uab.edu,accept_candidate,4,"The candidate correctly identifies the VQLVVGDGR peptide, its parent protein, and abundance as the measured property. However, peptide abundance should be represented as a numeric value rather than Text, with the assay-specific unit or relative abundance scale included if available. The capitalization of the protein name should also be preserved.
",,,,,,2026-06-15T14:08:38Z,Protein-L-isoaspartate(D-aspartate) O-methyltransferase VQLVVGDGR peptide abundance
6b0b3f7b827f19867084754be88f44aad9deb2be,Right cingulum (hippocampus measurement value,"Biomarkers, genetics, and genomics",1,Accepted by majority,1,1,0,0,4.0,John Cheng,hcheng@uab.edu,accept_candidate,4,"The object, laterality, measurement property, and numeric permissible values are appropriately represented. However, the candidate name is missing the closing parenthesis after “hippocampus.” It should be corrected to “Right cingulum (hippocampus) measurement value.”
",,,,,,2026-06-15T14:20:52Z,Right cingulum (hippocampus) measurement value
6254a3c412dc53ca89a3c4d450fbfb93c9987448,Right fornix / stria terminalis radial diffusivity mean,"Biomarkers, genetics, and genomics",1,Accepted by majority,1,1,0,0,4.0,John Cheng,hcheng@uab.edu,accept_candidate,4,"The laterality, anatomical tract, mean modifier, and radial diffusivity property are correctly represented. However, radial diffusivity is a quantitative measurement and should be represented as a numeric value rather than Text, with the source-defined unit included if available. A clearer name would be “Mean radial diffusivity of the right fornix/stria terminalis.”",,,,,,2026-06-15T14:31:36Z,Mean radial diffusivity of the right fornix/stria terminalis
1cfead3fa47e1cc1ede0ded72f72039237557e03,Phospho-tau 181 assay specimen type,"Biomarkers, genetics, and genomics",1,Reviewed,1,0,0,1,3.0,David Wolk,user-17@example.com,unsure,3,Not specific to plasma.  ptau181 can also be measured in CSF,,,,,,2026-06-09T01:09:04Z,Plasma phospho-tau 181 assay specimen type
6a40a2eb8251017d19312586970ce8f8df934e1f,Whole brain boundary shift integral kn,"Biomarkers, genetics, and genomics",1,Reviewed,1,0,0,1,3.0,John Cheng,hcheng@uab.edu,unsure,3,"The object and property are correctly identified, but “kn” should be preserved as “KN” or expanded to “k-means normalized.” The candidate name would be clearer as “Whole-brain KN-BSI” or “Whole-brain k-means normalized boundary shift integral.” In addition, the permissible value should be numeric rather than Text, with the appropriate source-defined unit or scale if available.
",,,,,,2026-06-15T14:08:38Z,Whole-brain KN-BSI
7f5caf1cfb9c9c0fb9f6190a3b4bd328cf38bd6d,Ventral default mode network connectivity within-region median estimate,"Biomarkers, genetics, and genomics",1,Accepted by majority,1,1,0,0,4.0,John Cheng,hcheng@uab.edu,accept_candidate,4,"The ventral default mode network, within-region modifier, median estimate, connectivity property, and numeric value type are correctly represented. However, the candidate name should be reordered for clarity, for example, “Median within-region connectivity estimate for the ventral default mode network.”",,,,,,2026-06-15T14:31:36Z,Median within-region connectivity estimate for the ventral default mode network
d37dfff976e7a3e2a7fbb37bb1587fcdeb9adce5,Medulla phosphorylated alpha-synuclein inclusion glial cytoplasmic count,"Biomarkers, genetics, and genomics",1,Rejected by majority,1,0,1,0,2.0,John Cheng,hcheng@uab.edu,reject_candidate,2,"The candidate identifies the medulla, phosphorylated alpha-synuclein, glial cytoplasmic inclusion, and count concepts. However, the permissible-value definitions incorrectly refer to Lewy body/TDP-43 inclusions rather than phosphorylated alpha-synuclein glial cytoplasmic inclusions. The categories are also malformed. The permissible values require major correction, and a clearer name would be “Phosphorylated alpha-synuclein glial cytoplasmic inclusion count in the medulla.”",,,,,,2026-06-15T14:26:43Z,Phosphorylated alpha-synuclein glial cytoplasmic inclusion count in the medulla
5191735ce8fb1860779097227b5c30221eb5b320,Phosphorylated neuronal cytoplasmic cingulate gyrus tdp-43 inclusion count,"Biomarkers, genetics, and genomics",1,Reviewed,1,0,0,1,3.0,John Cheng,hcheng@uab.edu,unsure,3,"The candidate captures the anatomical region, phosphorylated TDP-43, neuronal cytoplasmic inclusion, and count concepts. However, the candidate name is difficult to interpret and should be reordered, for example, as “Phosphorylated TDP-43 neuronal cytoplasmic inclusion count in the cingulate gyrus.” The permissible-value definitions are also malformed and should be corrected so that the categories 0–4 and 9 are clearly and unambiguously defined.",,,,,,2026-06-15T14:20:52Z,Phosphorylated TDP-43 neuronal cytoplasmic inclusion count in the cingulate gyrus
d68cb146ecb9a67d2e310b07f12253621fbce350,Biospecimen clg level 10% hemin treated minus untreated difference,"Biomarkers, genetics, and genomics",1,Rejected by majority,1,0,1,0,2.0,John Cheng,hcheng@uab.edu,reject_candidate,2,"The candidate requires major revision. “Biospecimen” is too generic as the object, and “CLG level” is not sufficiently defined. The name should identify the specific analyte or antibody being measured. The “10%” modifier should also be clarified because it appears to refer to the assay buffer rather than the hemin treatment itself. The measured result is a treated-minus-untreated difference and should be represented as a numeric assay value, not Text.
",,,,,,2026-06-15T14:08:38Z,Specific CLG analyte 10% hemin-treated minus untreated level difference
f53c650a416e0113240f06edb7b706a2879ce676,Right inferior lateral ventricle volume region of interest,"Biomarkers, genetics, and genomics",1,Accepted by majority,1,1,0,0,4.0,John Cheng,hcheng@uab.edu,accept_candidate,4,"The anatomical region, laterality, volume property, ROI modifier, numeric value type, and mm³ unit are correctly represented. However, the candidate name should be reordered for clarity, for example, “Right inferior lateral ventricle ROI volume.” The added exception code “99 = Missing” should also be verified because it is not shown in the displayed source permissible values.",,,,,,2026-06-15T14:26:43Z,Right inferior lateral ventricle ROI volume
dadd93b20e3d998ec7e54c3a22e4514f7c0581e4,Bilateral proper thalamus uptake value ratio standardized,"Biomarkers, genetics, and genomics",1,Accepted by majority,1,1,0,0,4.0,John Cheng,hcheng@uab.edu,accept_candidate,4,"The bilateral thalamus proper object and standardized uptake value ratio concept are correctly represented. However, the candidate name should be reordered to “Bilateral thalamus proper standardized uptake value ratio.” The generated permissible-value description should also retain the source-specific AV1451 uptake context if applicable.",,,,,,2026-06-15T14:26:43Z,Bilateral thalamus proper standardized uptake value ratio
7da99fd95b4a24746790be81acb1f91c946065ba,Cbf right cerebral white matter freesurfer roi voxel count,"Biomarkers, genetics, and genomics",1,Accepted by majority,1,1,0,0,4.0,John Cheng,hcheng@uab.edu,accept_candidate,4,"The candidate correctly represents the count of CBF voxels in the right cerebral white matter FreeSurfer ROI, and the numeric permissible-value type is appropriate. However, the candidate name should use conventional capitalization and clearer ordering, such as “CBF voxel count in the right cerebral white matter FreeSurfer ROI.”",,,,,,2026-06-15T14:20:52Z,CBF voxel count in the right cerebral white matter FreeSurfer ROI
9ea14a677b67cb11710f492c9ec640f21aa142bb,Left freesurfer roi ventral diencephalon cerebral blood flow maximum,"Biomarkers, genetics, and genomics",1,Reviewed,1,0,0,1,3.0,Mustafa Yildiz,mustafa.yildiz@uth.tmc.edu,unsure,3,"The ROI might needs to be upper case, and its descriptor needs to be there",,,,,,2026-06-14T18:50:43Z,Maximum cerebral blood flow in the left ventral diencephalon FreeSurfer ROI
10497022da78f5ec3b76b915e015f4b84302b626,Right freesurfer roi insula cerebral blood flow mean standard deviation,"Biomarkers, genetics, and genomics",1,Accepted by majority,2,2,0,0,4.5,John Cheng,hcheng@uab.edu,accept_candidate,4,"The candidate preserves the right insula FreeSurfer ROI, cerebral blood flow property, mean and standard-deviation modifiers, and measurement unit. However, the candidate name is difficult to interpret and should be reordered, for example, as “Standard deviation of mean cerebral blood flow in the right insula FreeSurfer ROI.”",,,,,,2026-06-15T14:20:52Z,Standard deviation of mean cerebral blood flow in the right insula FreeSurfer ROI
8f907bef3e55107727293c273ed280c47f018b93,Left lateral temporal lobe volume gray matter,"Biomarkers, genetics, and genomics",1,Accepted by majority,1,1,0,0,4.0,John Cheng,hcheng@uab.edu,accept_candidate,4,"The object, laterality, anatomical location, gray matter modifier, and volume property are correctly identified. However, the candidate name should be reordered to “Left lateral temporal lobe gray matter volume” for clarity. The permissible value should also be numeric rather than Text, with the source-defined volumetric unit included if available.
",,,,,,2026-06-15T14:08:38Z,Left lateral temporal lobe gray matter volume
dc6ad9236bca635bb579d5985ef7d6f154171b47,Temporal lateral right gray matter volume,"Biomarkers, genetics, and genomics",1,Accepted by majority,1,1,0,0,4.0,Jinlian Wang,jinlian.wang@austin.utexas.edu,accept_candidate,4,"Standardize CDE name to 'Right lateral temporal gray matter volume (cc)' and confirm units/range (0–100 cc) aligns with typical FreeSurfer outputs and repository guidelines. Missing codes (96, 99) look appropriate",,,,,,2026-06-11T01:02:35Z,Right lateral temporal gray matter volume (cc)
0746c4c9907974e3d6eaf3b9b38217c8233ae41a,Tracer-based imaging study consistency lewy body disease,"Biomarkers, genetics, and genomics",1,Accepted by majority,1,1,0,0,4.0,Erge Edgu-Fry,erge.edgufry@uth.tmc.edu,accept_candidate,4,"""Lewy"" or maintain ""LBD""",,,,,,2026-06-01T14:28:37Z,Tracer-based imaging study consistency with Lewy body disease
851ee8c6f0526d83384fbc0110ecbb6b13c7be83,Left rostral middle frontal gyrus volume gray matter,"Biomarkers, genetics, and genomics",1,Accepted by majority,1,1,0,0,4.0,John Cheng,hcheng@uab.edu,accept_candidate,4,"The anatomical region, laterality, gray matter modifier, volume property, numeric value type, and mm³ unit are correctly represented. However, the candidate name should be reordered to “Left rostral middle frontal gyrus gray matter volume” so that the tissue modifier clearly applies to the measured volume.",,,,,,2026-06-15T14:31:36Z,Left rostral middle frontal gyrus gray matter volume
28ee73c33e8654da5ce822b1973fcb6b5d806942,Left superior frontal gyrus surface area,"Biomarkers, genetics, and genomics",2,Accepted by majority,1,1,0,0,4.0,Mengyuan Zhang,zhangm3@ufl.edu,accept_candidate,4,"it drops the unit from the CDE name and adds 9998 = MISSING, which is not shown in the source element. Unit and missing-code handling should be verified.",,,,,,2026-06-02T20:38:44Z,Left superior frontal gyrus surface area with source unit
bd5b3da902f0c7e98e556e9fdcd6de421081fc99,Telephone contact person role contacted,Demographic information,1,Accepted by majority,1,1,0,0,4.0,Swathi Thaker,user-91@example.com,accept_candidate,4,"The element identifies the role of the person contacted by telephone, and the values Participant and Study Partner are clear. Minor issue: the name could be streamlined to “Telephone contact contacted person role” or “Telephone contact person role.”",,,,,,2026-06-04T19:46:15Z,Telephone contact person role
e44f561d2e5896dfbb58209567fc92d0e34deb6b,Sibling relationship biological sibling,Demographic information,1,Accepted by majority,3,3,0,0,4.7,Swathi Thaker,user-91@example.com,accept_candidate,4,"The element captures the relationship type among biological siblings, and the permissible values correctly distinguish same biological mother and father, same biological mother, and same biological father. Minor issue: the name is somewhat awkward and would be clearer as “Biological sibling relationship.”",,,,,,2026-06-04T19:46:15Z,Biological sibling relationship
2ad8ab0a0f1d571dbccfea7411b612f0e440aa7e,Patient language fluency english or spanish presence,Demographic information,1,Accepted by majority,2,2,0,0,4.0,George Perry,george.perry@utsa.edu,accept_candidate,4,Capitalize E and S,,,,,,2026-06-08T22:32:10Z,Patient English or Spanish language fluency presence
d3668eb9d207a92eeec5b78634eeb603083fbac0,Patient immigration age united states or canada destination,Demographic information,1,Accepted by majority,2,2,0,0,4.0,Shiqiang Tao,shiqiang.tao@uth.tmc.edu,accept_candidate,4,The name could be improved to: Patient age when moved to united states or canada.,,,,,,2026-06-01T19:07:44Z,Patient age when moved to United States or Canada
44c2a44148805a0ac817d5dd7dff2e520fbf1603,Patient language preference presence 6,Demographic information,1,Accepted by majority,2,1,0,1,4.0,Swathi Thaker,user-91@example.com,unsure,3,"The element appears to indicate whether a sixth language preference is present, and the yes/no values are clear. However, “presence 6” is awkward and likely reflects a repeated item index. The name should clarify whether this means “sixth preferred language present” or “language preference 6 presence.”",,,,,,2026-06-04T19:46:15Z,Patient sixth language preference presence
572d947d81e05be764d0b104133b8ba9333f772f,Patient language preferred fourth,Demographic information,1,Accepted by majority,1,1,0,0,4.0,Swathi Thaker,user-91@example.com,accept_candidate,4,"The name captures the patient’s fourth preferred language, and the text permissible value is appropriate for recording a language. Minor issue: the name would be clearer as “Patient fourth preferred language.”",,,,,,2026-06-05T18:32:08Z,Patient fourth preferred language
0730832353c52818af38a4070a52200cfb388903,Patient language preferred sixth,Demographic information,1,Accepted by majority,2,2,0,0,4.5,Swathi Thaker,user-91@example.com,accept_candidate,4,"The name indicates the patient’s sixth preferred language, and the text permissible value is appropriate for capturing a language name. Minor issue: the name could be clearer as “Patient sixth preferred language.”",,,,,,2026-06-04T19:46:15Z,Patient sixth preferred language
9b5ed00c737811f34f8570e59da020be8f556fa4,Study partner relationship participant,Demographic information,1,Accepted by majority,2,2,0,0,4.5,Swathi Thaker,user-91@example.com,accept_candidate,4,"The element captures the relationship between the study partner and participant, and the permissible values are appropriate relationship categories. Minor issue: the name would be clearer as “Study partner relationship to participant.” Otherwise, the object and property are well aligned.",,,,,,2026-06-04T19:34:50Z,Study partner relationship to participant
9e61cd63408c46736ad1f673275f215ec5a11ceb,Patient race presence asian indian asian,Demographic information,1,Accepted by majority,3,3,0,0,4.3,Shiqiang Tao,shiqiang.tao@uth.tmc.edu,accept_candidate,4,The name is awkward,,,,,,2026-06-01T19:07:44Z,Patient Asian Indian race presence
49c3cf5681c8b94b15618d95a2a1fdf4c917090d,Patient race black or african american presence,Demographic information,1,Accepted by majority,1,1,0,0,4.0,Erge Edgu-Fry,erge.edgufry@uth.tmc.edu,accept_candidate,4,capitalize..,,,,,,2026-06-01T14:36:49Z,Patient Black or African American race presence
027707b08b55a28dccca08e370b38ea5dcabf6bb,Patient ethnicity presence guatemalan,Demographic information,1,Reviewed,1,0,0,1,3.0,Swathi Thaker,user-91@example.com,unsure,3,"The core object and property are reasonable, and the name indicates Guatemalan ethnicity presence. However, the word order is awkward, and the permissible values “1 = 1; blank = blank” need clarification. A clearer name would be “Patient Guatemalan ethnicity presence.”",,,,,,2026-06-04T19:46:15Z,Patient Guatemalan ethnicity presence
aa9c2284c50f4ef5a54b4c493aeb0e9ff189841b,Patient ethnicity presence other hispanic or latino,Demographic information,1,Accepted by majority,4,4,0,0,4.5,Annie Piccorelli,avpicco@uw.edu,accept_candidate,4,"Does the permissible value of ""blank"" mean ""not checked/not that race""? That could be more thoroughly described. CDE name could be more clear, e.g. ""Patient ethnicity presence - other hispanic or latino ethnicity.""",,,,,,2026-06-08T16:18:47Z,Patient other Hispanic or Latino ethnicity presence
a7666ad8d187be75c3ca1387d881f9ca65bc6aaa,A5d2 participant health history assessment language,Demographic information,1,Accepted by majority,3,2,0,1,4.0,Swathi Thaker,user-91@example.com,accept_candidate,4,"The name captures the assessment context and the core object, “language.” The property is also correctly identified as Language, and permissible values clearly distinguish English and Spanish. Minor issue: the name could be clearer if it specified that this is the language of the participant health history assessment, not necessarily the participant’s preferred language.",,,,,,2026-06-04T19:25:56Z,Participant health history assessment language
e9586f1f8f6fe4348a7409fed076f3ed175d4ed3,Biologic specimen use a3a record consent form language,Demographic information,1,Accepted by majority,3,3,0,0,4.0,Swathi Thaker,user-91@example.com,accept_candidate,4,"The name captures the language of the biologic specimen use A3a record consent form, and the English/Spanish values are clear. Minor issue: the name is somewhat awkward and should clarify whether this is the consent form language or the language of consent form administration.",,,,,,2026-06-05T18:32:08Z,Biologic specimen use A3a consent form language
921f11fd48265980bba0f3dce3edc88458927e34,Patient medical abnormality presence study,Disease characterization,1,Accepted by majority,1,1,0,0,4.0,Luke Wang,lukewang@sas.upenn.edu,accept_candidate,4,I am not sure if the name should be presence study,,,,,,2026-06-14T14:41:53Z,Patient study medical abnormality presence
5fd75aae24a0e1624e8f4114de266a7b9a1a814e,Frontal neocortex artag pathology presence,Disease characterization,1,Accepted by majority,1,1,0,0,4.0,Erge Edgu-Fry,erge.edgufry@uth.tmc.edu,accept_candidate,4,"capitalize ""ARTAG""",,,,,,2026-06-29T13:47:57Z,Frontal neocortex ARTAG pathology presence
06a69da59e8f27fd2238aef3707bba6db3d1f516,Patient corticobasal degeneration ftld-tau presence,Disease characterization,1,Accepted by majority,1,1,0,0,4.0,Yan Huang,yan.huang@uth.tmc.edu,accept_candidate,4,ftld-tau should be capitalized,,,,,,2026-06-26T15:48:45Z,Patient corticobasal degeneration FTLD-tau presence
8a4dac171e957996ca616d8db52635095ecdaa49,Patient alzheimer disease neuropathologic change nia-aa severity,Disease characterization,1,Accepted by majority,1,1,0,0,4.0,Yan Huang,yan.huang@uth.tmc.edu,accept_candidate,4,nia-aa should be capitalized.,,,,,,2026-06-26T15:48:45Z,Patient Alzheimer disease neuropathologic change NIA-AA severity
aeb98b11c92f6de4fc917a61129e00c71a2b36b4,Patient tauopathy ftld presence,Disease characterization,1,Accepted by majority,1,1,0,0,4.0,Yan Huang,yan.huang@uth.tmc.edu,accept_candidate,4,capitalize ftld,,,,,,2026-06-29T14:50:11Z,Patient FTLD tauopathy presence
6c6e9d9d0e6f6051eb86a95b0cf2a26c250d0afe,Left basal ganglia abnormality presence,Disease characterization,1,Accepted by majority,2,2,0,0,4.5,Sujuan Gao,user-8@example.com,accept_candidate,4,"drop the word ""presence"" from the CDE name",,,,,,2026-06-13T20:52:01Z,Left basal ganglia abnormality
7804ee2c5285632e3cdfef2cfd7a85a21dcd00be,Patient lightheadedness after prolonged standing presence,Disease characterization,1,Reviewed,1,0,0,1,3.0,Sujuan Gao,user-8@example.com,unsure,3,drop the presence from the CDE name.,,,,,,2026-06-14T02:17:53Z,Patient lightheadedness after prolonged standing
3aba11d646f02e7e3c22e78b723d5ffbb66c1329,Patient adas item response item 2a presence,Health assessment,1,Rejected by majority,1,0,1,0,2.0,Mustafa Yildiz,mustafa.yildiz@uth.tmc.edu,reject_candidate,2,"adas needs to be upper case, and its descriptors need to be present",,,,,,2026-06-14T18:56:31Z,Patient ADAS item 2a response presence
0f08b96d8d5f493db2f6e61cf85a55b5d3c37d15,Patient ideational praxis performance adas item 7 subitem g presence,Health assessment,1,Rejected by majority,1,0,1,0,2.0,Mustafa Yildiz,mustafa.yildiz@uth.tmc.edu,reject_candidate,2,"ADAS should be upper case, and needs descriptor",,,,,,2026-06-14T19:21:54Z,Patient ADAS item 7g ideational praxis performance presence
7ddd8c79afeb7e7bc5daa1dfd82369f889191be5,Adas word list learning word list 1 word anchor position 19 patient reminder presence,Health assessment,1,Reviewed,1,0,0,1,3.0,Mustafa Yildiz,mustafa.yildiz@uth.tmc.edu,unsure,3,ADAS needs to be upper case; its meaning needs to be added,,,,,,2026-06-14T19:32:18Z,ADAS word list learning list 1 anchor word position 19 reminder presence
a9981341af1fa6463a9e7d00eef60932cd6c3813,Patient reminder presence adas word list 1 word van,Health assessment,1,Rejected by majority,1,0,1,0,2.0,Mustafa Yildiz,mustafa.yildiz@uth.tmc.edu,reject_candidate,2,ADAS need to be upper case; RECARDO generated item is not as precise the original item ,,,,,,2026-06-14T18:56:31Z,Patient ADAS word list 1 van reminder presence
d7fbfff433ab10f8cade6e988023c64d20dde68c,Patient recall presence word list 3 word position 19,Health assessment,1,Conflicting review,2,1,1,0,3.0,Yejin Kim,yejin.kim@uth.tmc.edu,reject_candidate,2,I would say ADAS Q8 is more informative CDE NAME. We should include whethere this assesment is coming from,,,,,,2026-06-05T21:08:12Z,Patient ADAS Q8 word list 3 position 19 recall presence
0024a967b0fc8348858b3e77e67474153dc927fc,Patient word recall presence auditory verbal learning test trial 1 word list 1a word position 9 target word hat,Health assessment,1,Reviewed,1,0,0,1,3.0,Mustafa Yildiz,mustafa.yildiz@uth.tmc.edu,unsure,3,AVLT needs to be upper case,,,,,,2026-06-14T19:19:02Z,Patient AVLT trial 1 word list 1A position 9 target word hat recall presence
82701c414c65b920728e99fc734e65a60dad1ca6,Patient word recall presence avlt trial 6 word list a word drum list position 1,Health assessment,1,Rejected by majority,1,0,1,0,2.0,Mustafa Yildiz,mustafa.yildiz@uth.tmc.edu,reject_candidate,2,AVLT needs to be upper case; its descriptor needs to be there too,,,,,,2026-06-14T19:32:18Z,Patient AVLT trial 6 word list A position 1 target word drum recall presence
3cedeb35718a018f89887a0317b00880c0323c14,Patient word recall presence avlt version a trial 2 word list 2a word nail position 3,Health assessment,1,Reviewed,1,0,0,1,3.0,Mustafa Yildiz,mustafa.yildiz@uth.tmc.edu,unsure,3,"AVLT needs to be upper case, and its descriptors need to be there",,,,,,2026-06-14T19:19:02Z,Patient AVLT version A trial 2 word list 2A position 3 target word nail recall presence
4940e890df8189e65d15ab585d2245fccf41ffbb,Patient word recall presence auditory verbal learning test version a trial 3 wordlist 2a word position 3 word nail,Health assessment,1,Reviewed,1,0,0,1,3.0,Mustafa Yildiz,mustafa.yildiz@uth.tmc.edu,unsure,3,AVLT needs to be upper case; AVLT abbreviation needs to have its descriptor,,,,,,2026-06-14T19:12:27Z,Patient AVLT version A trial 3 word list 2A position 3 target word nail recall presence
660bfc19dd69f31fc53a4da2a955a6beaa90cc9b,Patient word recall presence avlt version a trial 6 word list 2a word position 8 word letter,Health assessment,1,Rejected by majority,1,0,1,0,2.0,Mustafa Yildiz,mustafa.yildiz@uth.tmc.edu,reject_candidate,2,AVLT needs to be upper case; AVLT abbreviation needs to have its descriptor,,,,,,2026-06-14T19:12:27Z,Patient AVLT version A trial 6 word list 2A position 8 target word letter recall presence
e75bb9d1ec5766983d5381c7c91650a1d1ecb18b,Patient word recall immediate trial 2 church accuracy,Health assessment,2,Rejected by majority,1,0,1,0,2.0,Yejin Kim,yejin.kim@uth.tmc.edu,reject_candidate,2,CDE Name should include cognitive test name (ADAS-cog? CDR-SB?) because word recall test can appear in different cognitve tests,,,,,,2026-06-05T21:08:12Z,Patient cognitive test immediate word recall trial 2 church accuracy
75bd082f331e2bb407ebb78c326e355352d39858,Patient interest in friends and family presence reduced,Health assessment,2,Rejected by majority,1,0,1,0,2.0,Annie Piccorelli,avpicco@uw.edu,reject_candidate,2,"Confused about the difference in ADNI question --the question says ""lost"" whereas modifier indicates ""reduced"" which is not the same as lost. Clarity of this will help with coming up with a clearer name.",,,,,,2026-06-08T18:21:30Z,Patient lost interest in friends and family presence
afba242534c08a8606cf57d5efe5c750c95ea747,Patient rule violation error count non-l-initial word 1 minute,Health assessment,1,Reviewed,1,0,0,1,3.0,Mustafa Yildiz,mustafa.yildiz@uth.tmc.edu,unsure,3,L should be upper case,,,,,,2026-06-14T19:21:54Z,Patient rule violation error count for non-L-initial words in 1 minute
f5e2ad9e9d2abc76989777d9296b961e1d3844c3,Patient word-picture match count correct total,Health assessment,1,Rejected by majority,1,0,1,0,2.0,Yejin Kim,yejin.kim@uth.tmc.edu,reject_candidate,2,CDE Name should include cognitive test name (ADAS-cog? CDR-SB?),,,,,,2026-06-05T21:08:12Z,Patient cognitive test total correct word-picture match count
2fff37a6465c399e7feceb2355b4b3cc256dcfe4,Participant emotional reaction overall disclosure visit,Health outcomes,1,Accepted by majority,4,4,0,0,4.5,Rashmie Abeysinghe,rashmie.abeysinghe@uth.tmc.edu,accept_candidate,5,"The regenerated name could be better: ""Participant's overall emotional reaction at disclosure visit""",,,,,,2026-06-26T17:23:33Z,Participant overall emotional reaction to disclosure visit
2fff37a6465c399e7feceb2355b4b3cc256dcfe4,Participant emotional reaction overall disclosure visit,Health outcomes,1,Accepted by majority,4,4,0,0,4.5,Luke Wang,lukewang@sas.upenn.edu,accept_candidate,4,The CDE name could be improved.,,,,,,2026-06-10T20:55:21Z,Participant overall emotional reaction to disclosure visit
2fff37a6465c399e7feceb2355b4b3cc256dcfe4,Participant emotional reaction overall disclosure visit,Health outcomes,1,Accepted by majority,4,4,0,0,4.5,Swathi Thaker,user-91@example.com,accept_candidate,4,"The element captures the participant’s overall emotional reaction during a disclosure visit, and the values positive, neutral, mixed, and negative are clear. Minor issue: the name could be clearer as “Participant overall emotional reaction to disclosure visit.”",,,,,,2026-06-04T20:41:07Z,Participant overall emotional reaction to disclosure visit
a9ce0f76cf1293916660bfef1c7128d3f24f1498,Patient self-harm threat distress severity,Health outcomes,1,Accepted by majority,3,3,0,0,4.3,Mengyuan Zhang,zhangm3@ufl.edu,accept_candidate,4,The NAME is awkward and could be interpreted as the patient’s own distress severity.,,,,,,2026-06-02T20:20:27Z,Self-harm threat-related patient distress severity
b8f090b9585a79d25f33bc91b698908f67c62960,Caregiver health deterioration due to caregiving frequency,Health outcomes,1,Accepted by majority,7,6,0,1,4.6,Rashmie Abeysinghe,rashmie.abeysinghe@uth.tmc.edu,accept_candidate,5,"The regenerated name could be better formed. It could be also interpreted as ""health deterioration"" due to ""caregiving frequency"". The object, property and thier modifiers look correct.",,,,,,2026-06-26T16:44:33Z,Frequency of caregiver health deterioration due to caregiving
525d161a99970fc027ea5f3b13ba582ec905373c,Patient self-harm intention presence conditional on PET scan increased alzheimer's disease risk result disclosure,Health outcomes,1,Accepted by majority,4,4,0,0,4.8,Rashmie Abeysinghe,rashmie.abeysinghe@uth.tmc.edu,accept_candidate,5,"This is acceptable, but the regenerated CDE name could be better formulated to make it less confusing.",,,,,,2026-06-26T16:36:26Z,Patient self-harm intention presence after PET scan increased Alzheimer's disease risk disclosure
4e3152ef5c64ea4f8523ea800de8475d5f066006,Patient injury sleep behavior-related presence history,Health outcomes,1,Accepted by majority,3,2,0,1,3.7,Swathi Thaker,user-91@example.com,accept_candidate,4,"The name captures history of injury related to sleep behavior, and the yes/no permissible values are appropriate. Minor issue: the name is somewhat awkward; “Patient history of sleep behavior-related injury presence” would be clearer.",,,,,,2026-06-04T20:41:07Z,Patient history of sleep behavior-related injury presence
36cc5a6ba7036195a5579b7340e508fd9eeec2f3,Patient injury presence sleep dream enactment behavior-related,Health outcomes,1,Accepted by majority,3,1,0,2,3.3,Huilin Tang,huilin.tang@pennmedicine.upenn.edu,accept_candidate,4,"CDE NAME is unclear. Change it to ""Patient injury presence due to bruises, cuts, broken bones"" ",,,,,,2026-06-11T18:43:13Z,"Patient injury presence due to bruises, cuts, or broken bones"
15f90098916e33abd5e79bcf57c384e54831cc8e,Participant death status,Health outcomes,1,Accepted by majority,7,6,0,1,4.7,Xubing Hao,xubing.hao@uth.tmc.edu,unsure,3,The regenerated name does not match the permissible values.,,,,,,2026-06-26T16:39:06Z,Participant vital status
0eab05508b79c97d5d95ee542697119c8d8ecb91,Patient national identity u.s. american agreement,Social determinants of health,1,Accepted by majority,4,4,0,0,5.0,George Perry,george.perry@utsa.edu,accept_candidate,5,capitalize us,,,,,,2026-06-10T04:33:26Z,Patient U.S. American national identity agreement
c7d0430bf6a11c9e0ef2209fbba9acca6e35d251,Patient english language proficiency american friends interaction context,Social determinants of health,1,Accepted by majority,3,3,0,0,4.7,George Perry,george.perry@utsa.edu,accept_candidate,4,"rephrase, Capitalize E, A",,,,,,2026-06-10T05:21:59Z,Patient English language proficiency with American friends
114a73f1e2a6467ea56a65d105cf7c292127eb12,Patient english language proficiency stranger interaction context,Social determinants of health,1,Accepted by majority,1,1,0,0,4.0,George Perry,george.perry@utsa.edu,accept_candidate,4,Capitalize E. Rephase,,,,,,2026-06-10T05:09:08Z,Patient English language proficiency with strangers
8fd18d3e7556c81e2819c3991e318f84d5615f4b,Patient english language proficiency general,Social determinants of health,1,Accepted by majority,2,2,0,0,5.0,George Perry,george.perry@utsa.edu,accept_candidate,5,Capitalize E,,,,,,2026-06-10T05:09:08Z,Patient English language proficiency general
8617308a38a08e7a5bf32a3df875117fbbe79799,Patient english language proficiency newspapers and magazines media context,Social determinants of health,1,Accepted by majority,2,2,0,0,5.0,George Perry,george.perry@utsa.edu,accept_candidate,5,Capitalize E,,,,,,2026-06-10T05:11:58Z,Patient English language proficiency for newspapers and magazines
ad516296a6b518bdc0ccd4fa0d070def868455f6,Patient knowledge american national heroes,Social determinants of health,1,Accepted by majority,1,1,0,0,5.0,George Perry,george.perry@utsa.edu,accept_candidate,5,Capitalize A,,,,,,2026-06-10T04:52:08Z,Patient knowledge of American national heroes
27c24a0d6970ade5f0d9e075e04e9ac2a856c0d8,Patient knowledge popular american actors and actresses,Social determinants of health,1,Accepted by majority,3,3,0,0,5.0,George Perry,george.perry@utsa.edu,accept_candidate,5,Capitalize A,,,,,,2026-06-10T05:27:52Z,Patient knowledge of popular American actors and actresses
b6f22897bdf31aaa526d328090cfe4ac3c1502f9,Patient knowledge american history,Social determinants of health,1,Accepted by majority,1,1,0,0,5.0,George Perry,george.perry@utsa.edu,accept_candidate,5,Capitalize A,,,,,,2026-06-10T05:11:58Z,Patient knowledge of American history
0b03a30c1f7f75b34f5ea88d6ece08bce316a947,Patient knowledge american political leaders,Social determinants of health,1,Accepted by majority,4,4,0,0,4.8,George Perry,george.perry@utsa.edu,accept_candidate,5,Capitalize A,,,,,,2026-06-10T05:27:52Z,Patient knowledge of American political leaders
70a85e53ec7b89bb44986e9ce4d23555f8e9a513,Patient knowledge national heroes native culture,Social determinants of health,1,Accepted by majority,2,2,0,0,4.5,Swathi Thaker,user-91@example.com,accept_candidate,4,"The name captures the patient’s knowledge of national heroes in their native culture, and the property “Knowledge” is appropriate. The response scale from not at all to extremely well is clear. Minor issue: the wording could be clearer as “Patient knowledge of national heroes in native culture.”",,,,,,2026-06-04T20:25:39Z,Patient knowledge of national heroes in native culture
d10d961ccf351133fda04afee496f494736a79b5,Patient identification cultural u.s. american,Social determinants of health,1,Accepted by majority,5,4,0,1,4.6,George Perry,george.perry@utsa.edu,accept_candidate,5,Capitalize US A,,,,,,2026-06-10T05:40:09Z,Patient U.S. American cultural identification
f5e1b9f505f7251138d3e552a18277b45c6f8a5c,Patient identity u.s. american sense agreement,Social determinants of health,1,Accepted by majority,1,1,0,0,5.0,George Perry,george.perry@utsa.edu,accept_candidate,5,Capitalize A,,,,,,2026-06-10T05:17:02Z,Patient sense of U.S. American identity agreement
f7dd52570d8f1ca4eb1bc672533fdf633fbeecb1,Patient education level minimum 6 grades completion,Social determinants of health,1,Conflicting review,3,2,1,0,3.7,Mengyuan Zhang,zhangm3@ufl.edu,accept_candidate,4,Name does not capture full source question.,,,,,,2026-06-03T18:45:27Z,Patient completion of at least six grades of education
df8ed85b41d9ddf07af68a616de22e401a045c2f,Patient social exclusion ethnicity-related by others frequency,Social determinants of health,1,Accepted by majority,4,3,0,1,4.2,Mengyuan Zhang,zhangm3@ufl.edu,accept_candidate,4,Name does not capture full source question.,,,,,,2026-06-03T18:47:50Z,Frequency of ethnicity-related social exclusion by others
13c0b833befa6fa1498862c3c7298e6f0b7a6937,Patient residence in spanish-speaking environment duration,Social determinants of health,1,Accepted by majority,3,3,0,0,4.7,George Perry,george.perry@utsa.edu,accept_candidate,5,Capitalize S--different question but I think recardo preferred,,,,,,2026-06-10T05:17:02Z,Patient residence in Spanish-speaking environment duration
4c097713474e19991314148e1c61a1676683ce5d,Patient residence in english-speaking environment duration,Social determinants of health,1,Accepted by majority,2,2,0,0,5.0,George Perry,george.perry@utsa.edu,accept_candidate,5,Capitalize E,,,,,,2026-06-10T04:52:08Z,Patient residence in English-speaking environment duration
9b92e66a3923de24459fdf7066cc55c5274c62cd,Patient language use english daily percentage,Social determinants of health,1,Accepted by majority,2,2,0,0,5.0,George Perry,george.perry@utsa.edu,accept_candidate,5,Capitalize E,,,,,,2026-06-10T05:27:52Z,Patient daily English language use percentage
781ea8800269f417aacb9a0fc4c5e217a6d51415,Patient proficiency spanish reading self-reported,Social determinants of health,1,Accepted by majority,2,2,0,0,5.0,George Perry,george.perry@utsa.edu,accept_candidate,5,Capitalize S,,,,,,2026-06-10T05:40:09Z,Patient self-reported Spanish reading proficiency
76ba2ffbe7c897e38c712167e2d38c7511d95c35,Patient proficiency spanish writing self-reported,Social determinants of health,1,Accepted by majority,5,5,0,0,5.0,George Perry,george.perry@utsa.edu,accept_candidate,5,Capitalize S,,,,,,2026-06-10T05:31:14Z,Patient self-reported Spanish writing proficiency
378f1dbfdb00d4ca0071f45ac6f6004003c6fdf8,Patient proficiency spanish listening self-reported,Social determinants of health,1,Accepted by majority,4,4,0,0,4.8,George Perry,george.perry@utsa.edu,accept_candidate,5,Capitalize S,,,,,,2026-06-10T04:46:40Z,Patient self-reported Spanish listening proficiency
57156788c47ffeece0fdd095be652d2fdedbbd8e,Patient proficiency english reading severity,Social determinants of health,1,Accepted by majority,2,1,0,1,4.0,George Perry,george.perry@utsa.edu,accept_candidate,5,Capitalize E,,,,,,2026-06-10T05:40:09Z,Patient self-reported English reading proficiency
57156788c47ffeece0fdd095be652d2fdedbbd8e,Patient proficiency english reading severity,Social determinants of health,1,Accepted by majority,2,1,0,1,4.0,Swathi Thaker,user-91@example.com,unsure,3,"The element appears to measure English reading proficiency, and the 7-point proficiency scale is appropriate. However, the name uses “severity,” which does not fit a proficiency scale and may imply impairment rather than ability. The property “Proficiency” is correct but should include the English reading modifier.",,,,,,2026-06-04T20:25:39Z,Patient self-reported English reading proficiency
356f48e6ba20da8f05320c23ac12bc2eef7c27d2,Patient proficiency english writing severity,Social determinants of health,1,Accepted by majority,1,1,0,0,5.0,George Perry,george.perry@utsa.edu,accept_candidate,5,Capitalize E,,,,,,2026-06-10T04:46:40Z,Patient self-reported English writing proficiency
5455dea9a517a5fa43d44195226eece9d6beb29d,Patient treatment administration frequency other specification,Treatment,1,Accepted by majority,2,2,0,0,4.5,John Cheng,hcheng@uab.edu,accept_candidate,4,"The candidate correctly represents a free-text specification when the treatment-administration frequency is recorded as “other.” However, the candidate name should be reordered for clarity, for example, “Other treatment administration frequency specification.” The 4000-character limit should also be verified as appropriate.",,,,,,2026-06-15T15:04:27Z,Other treatment administration frequency specification
79bff88dbbf1404684db09376a2c62bc8e3c88bb,Current patient paliperidone prescription stability stable duration months,Treatment,1,Accepted by majority,2,2,0,0,4.5,John Cheng,hcheng@uab.edu,accept_candidate,4,"The candidate captures the duration in months that the current paliperidone prescription has remained stable, and the permissible values are preserved. However, “stability stable” is redundant, and the name should clarify that stability refers to the same dose and frequency. A clearer name would be “Duration in months of current stable paliperidone dose and frequency.”",,,,,,2026-06-15T15:08:39Z,Duration in months of current stable paliperidone dose and frequency
b0b79c722cc4148870152aff32eca155f1c9f872,Current patient medication regimen stability galantamine duration months,Treatment,1,Accepted by majority,2,1,0,1,3.5,John Cheng,hcheng@uab.edu,accept_candidate,4,"The candidate captures the duration in months that the current galantamine regimen has remained stable, and the permissible values are preserved. However, the name should be reordered and should retain the same-dose and same-frequency context. A clearer name would be “Duration in months of current stable galantamine dose and frequency.”",,,,,,2026-06-15T15:08:39Z,Duration in months of current stable galantamine dose and frequency
9d09e733ae35a3a08835e8f7c7208d1326918478,Current patient medication regimen stability galantamine duration years,Treatment,1,Conflicting review,2,1,1,0,3.0,John Cheng,hcheng@uab.edu,accept_candidate,4,"The candidate captures the duration in years that the current galantamine prescription has remained stable, and the permissible values are preserved. However, the name should be reordered and should explicitly retain the same-dose and same-frequency context. A clearer name would be “Duration in years of current stable galantamine dose and frequency.”",,,,,,2026-06-15T15:04:27Z,Duration in years of current stable galantamine dose and frequency
f401747fbb6f4f02c1486dcd0406ddca6b2eb42c,Current patient donepezil prescription stability duration years,Treatment,1,Accepted by majority,1,1,0,0,4.0,John Cheng,hcheng@uab.edu,accept_candidate,4,"The candidate captures the duration of stability of the current donepezil prescription and preserves the permissible values. However, the name should clarify that stability means the same frequency and dose. A clearer name would be “Duration of current stable donepezil dose and frequency in years.”",,,,,,2026-06-15T14:58:41Z,Duration of current stable donepezil dose and frequency in years
b905bfec60942dfa049b4dc1f7d112d0442833b9,Current patient medication use donepezil presence,Treatment,2,Accepted by majority,2,1,0,1,4.0,John Cheng,hcheng@uab.edu,unsure,3,"The candidate captures current donepezil medication use, but the name should be reordered for clarity, for example, “Current donepezil medication use presence.” The permissible value for “No” is malformed and should be represented with the correct code and label, alongside “1 = Yes.”",,,,,,2026-06-15T14:40:44Z,Current donepezil medication use presence
11c0f6f6d8fb3a601ebea0b297a45ed266225898,Current patient medication use aripiprazole presence,Treatment,2,Reviewed,1,0,0,1,3.0,John Cheng,hcheng@uab.edu,unsure,3,"The candidate captures current aripiprazole medication use, but the permissible value for “No” is malformed and should be represented using the correct code and label alongside “1 = Yes.” A clearer name would be “Current aripiprazole medication use presence.”",,,,,,2026-06-15T15:14:08Z,Current aripiprazole medication use presence
383c3e60814728a3f40f04637a323c00fd01dbbc,Current patient medication use tacrine presence,Treatment,2,Accepted by majority,2,1,0,1,4.0,John Cheng,hcheng@uab.edu,unsure,3,"The candidate captures current tacrine medication use, but the candidate name should be reordered for clarity, for example, “Current tacrine medication use presence.” The permissible value for “No” is malformed and should be represented using the correct code and label alongside “1 = Yes.”",,,,,,2026-06-15T15:04:27Z,Current tacrine medication use presence
6b24253124760ecd76ae12f9b66eff408ab6f365,Current patient medication use memantine presence,Treatment,2,Reviewed,2,0,0,2,3.0,John Cheng,hcheng@uab.edu,unsure,3,"The candidate captures current memantine use, but the name should be reordered for clarity, for example, “Current memantine medication use presence.” The permissible value for “No” is malformed and should be represented with the correct code and label alongside “1 = Yes.”",,,,,,2026-06-15T14:49:31Z,Current memantine medication use presence
1d3dd66cc09685ced464474c039fa130014e81a6,Current donepezil prescription regimen stability duration months,Treatment,1,Accepted by majority,2,2,0,0,4.0,John Cheng,hcheng@uab.edu,accept_candidate,4,"The candidate captures the duration in months that the current donepezil prescription has remained stable, and the permissible values are preserved. However, the name should explicitly clarify that stability means the same dose and frequency. A clearer name would be “Duration in months of current stable donepezil dose and frequency.”",,,,,,2026-06-15T15:14:08Z,Duration in months of current stable donepezil dose and frequency
787110e24e1b7a604de7e1e330297379c6083525,Patient paliperidone prescription stability duration months,Treatment,1,Accepted by majority,2,1,0,1,3.5,John Cheng,hcheng@uab.edu,accept_candidate,4,"The candidate captures paliperidone prescription stability and its duration in months, and the permissible values are preserved. However, the name should explicitly indicate that this concerns the current prescription remaining at the same dose and frequency. A clearer name would be “Duration of current stable paliperidone dose and frequency in months.”",,,,,,2026-06-15T14:49:31Z,Duration of current stable paliperidone dose and frequency in months
a00866bec6551c3d369389b889fbd07c1334eb88,Current patient antidepressant medication use presence,Treatment,1,Accepted by majority,2,1,0,1,4.0,John Cheng,hcheng@uab.edu,unsure,3,"The candidate captures current antidepressant medication use, but the permissible value for “No” is malformed and should be represented using the correct code and label alongside “1 = Yes.” A clearer name would be “Current antidepressant medication use presence.”",,,,,,2026-06-15T15:08:39Z,Current antidepressant medication use presence
dc21ff5c7d80792abd452a60879a7ca620eb5db3,Amyloid beta antibody identifier clone other,Treatment,1,Accepted by majority,1,1,0,0,4.0,John Cheng,hcheng@uab.edu,accept_candidate,4,"The candidate captures a free-text identifier for an unlisted amyloid-beta antibody clone, and Text is an appropriate permissible-value type. However, the modifier ordering is unclear. A clearer name would be “Other amyloid-beta antibody clone identifier.”",,,,,,2026-06-15T15:08:39Z,Other amyloid-beta antibody clone identifier
8e669250ee0cfbe0e869ba4572c406773f5b4ca1,Concomitant medication therapy medication therapy status continuing,Treatment,1,Accepted by majority,3,2,0,1,4.3,John Cheng,hcheng@uab.edu,unsure,3,"The candidate captures whether a concomitant medication is continuing and preserves the Yes/No values. However, the candidate name is redundant and difficult to interpret because “medication therapy” appears twice. The property should represent continuation status rather than medication therapy itself. A clearer name would be “Concomitant medication continuation status.”",,,,,,2026-06-15T14:58:41Z,Concomitant medication continuation status
27ed5e50b2b485834cd39a5d73ce98898b3d68b2,Concomitant medication therapy medication therapy date start,Treatment,1,Accepted by majority,2,1,0,1,3.5,John Cheng,hcheng@uab.edu,accept_candidate,4,"The candidate correctly represents the start date of a concomitant medication therapy and uses an appropriate day-precision date format. However, the candidate name redundantly repeats “medication therapy.” A clearer name would be “Concomitant medication therapy start date.”",,,,,,2026-06-15T15:04:27Z,Concomitant medication therapy start date
468248c4426fd2762edbd88c8702ec645e77cb8e,Medication identifier rxnorm sequence 3,Treatment,1,Accepted by majority,1,1,0,0,4.0,John Cheng,hcheng@uab.edu,accept_candidate,4,"The candidate captures the RxNorm identifier for medication entry 3. However, the name should be reordered to “RxNorm identifier for medication sequence 3.” The maximum text length of 4000 characters is excessively broad for an RxNorm identifier and should be verified.",,,,,,2026-06-15T14:58:41Z,RxNorm identifier for medication sequence 3
410dfacc6c2f87a906f24661e029911f1919b414,Medication identifier rxnorm sequence 9,Treatment,1,Accepted by majority,4,4,0,0,4.5,John Cheng,hcheng@uab.edu,accept_candidate,4,"The candidate captures the RxNorm identifier for medication entry 9. However, the modifier ordering makes it unclear whether sequence 9 applies to the medication or identifier. A clearer name would be “RxNorm identifier for medication sequence 9.” The 4000-character text-length limit should also be verified.",,,,,,2026-06-15T15:14:08Z,RxNorm identifier for medication sequence 9
41b972f2d741a8d824a4fbe311705d0cd7073a96,Medication identifier rxnorm sequence number 15,Treatment,1,Accepted by majority,1,1,0,0,4.0,John Cheng,hcheng@uab.edu,accept_candidate,4,"The candidate captures an RxNorm identifier for the fifteenth medication entry, but the current name makes it unclear whether “sequence number 15” modifies the medication or the identifier. A clearer name would be “RxNorm identifier for medication sequence 15.” The text-length constraint should also be verified.",,,,,,2026-06-15T14:40:44Z,RxNorm identifier for medication sequence 15
9660d9a9ce33c455436bbefa015cbe38c17c0833,Sequence 23 medication identifier rxnorm,Treatment,1,Accepted by majority,1,1,0,0,4.0,John Cheng,hcheng@uab.edu,accept_candidate,4,"The candidate captures the RxNorm identifier for medication sequence 23. However, the name should be reordered to “RxNorm identifier for medication sequence 23.” The maximum text length of 4000 characters is excessively broad for an RxNorm identifier and should be verified.",,,,,,2026-06-15T15:14:08Z,RxNorm identifier for medication sequence 23
7923250659ce21f23d217ed760a0fa689fd60b3c,Sequence 24 medication identifier rxnorm,Treatment,1,Conflicting review,3,2,1,0,3.7,John Cheng,hcheng@uab.edu,accept_candidate,4,"The candidate captures the RxNorm identifier for medication sequence 24. However, the name should be reordered to “RxNorm identifier for medication sequence 24.” The maximum text length of 4000 characters is excessively broad for an RxNorm identifier and should be verified.",,,,,,2026-06-15T15:04:27Z,RxNorm identifier for medication sequence 24
a214d92b696e9cc268214bf795a3a7bef2c0bec3,Sequence 26 medication identifier rxnorm,Treatment,1,Accepted by majority,2,2,0,0,4.5,John Cheng,hcheng@uab.edu,accept_candidate,4,"The candidate captures the medication sequence and RxNorm identifier concept. However, the name should be reordered for clarity, for example, “RxNorm identifier for medication sequence 26.” The text-length constraint should be verified as appropriate for an RxNorm identifier.",,,,,,2026-06-15T14:40:44Z,RxNorm identifier for medication sequence 26
0915080f19215f39ea02a39d92c576fa83a0fb97,Ad-specific drug treatment form reason remote completion,Treatment,1,Accepted by majority,3,3,0,0,4.7,John Cheng,hcheng@uab.edu,accept_candidate,4,"The form, remote-completion modifier, reason property, and permissible values are correctly represented. However, the candidate name should be reordered to “Reason for remote completion of the AD-specific drug treatment form.”",,,,,,2026-06-15T14:49:31Z,Reason for remote completion of the AD-specific drug treatment form
8c7f20d92ebaaab266f623307e7c47d7911cab7f,Second drug target primary tau presence,Treatment,1,Reviewed,2,0,0,2,3.0,John Cheng,hcheng@uab.edu,unsure,3,"The candidate appears to represent whether tau is the primary target of the second drug entry. However, the name should be reordered to “Primary tau target presence for drug 2.” Because this is a presence indicator, the permissible values should be defined as categorical Yes/No values rather than an unrestricted numeric value.",,,,,,2026-06-15T15:04:27Z,Primary tau target presence for drug 2
e4ff1367abf8dca943e8bfae06b08da38f34c2ce,Patient start date year second,Treatment,1,Accepted by majority,2,1,0,1,3.5,John Cheng,hcheng@uab.edu,accept_candidate,4,"The candidate preserves the second-entry context, year concept, and unknown code. However, the name should be reordered to “Second start date year,” and the generated permissible values should retain the source-specified lower bound of 1990.",,,,,,2026-06-15T15:08:38Z,"Second start date year,"
ef86512be75fcfd94c5113065e2c69fce9e1d374,Patient treatment provision context,Treatment,2,Accepted by majority,2,1,0,1,4.0,John Cheng,hcheng@uab.edu,unsure,3,"The candidate accurately captures whether treatment was provided through clinical care, a clinical trial, or both. However, the source label includes “(2),” which appears to identify the second treatment entry, and this context is absent from the generated candidate. A clearer name would be “Treatment provision context for treatment entry 2,” if that is the intended sequence.",,,,,,2026-06-15T15:08:38Z,"Treatment provision context for treatment entry 2,"
639687196fff5f04b24bbfc8882bb9899beae457,Patient start date month third,Treatment,1,Reviewed,1,0,0,1,3.0,Swathi Thaker,user-91@example.com,unsure,3,"The permissible values clearly represent calendar month values 1–12 plus Unknown, but the name is awkward and unclear. “Third” likely indicates a repeated start date field or third event, but that modifier is not well explained. The property “Start” is too broad and should be refined to “start month.”",,,,,,2026-06-04T20:07:11Z,Start date month for treatment entry 3
d54c5560ab95732836b24151d15642042cab82cc,Patient start date year third,Treatment,1,Accepted by majority,3,2,0,1,4.3,John Cheng,hcheng@uab.edu,unsure,3,"The candidate appears to represent the year of the third start-date entry, but the current name is ambiguous and should be reordered, for example, as “Third start date year” or “Year of third treatment start,” depending on the intended event. The generated permissible values should also retain the source-specified lower bound of 1990.",,,,,,2026-06-15T14:49:31Z,Third start date year
ce60da53679f1c2e7ca37f0ba2a40d02b4d0bb93,Drug target primary amyloid beta presence,Treatment,1,Reviewed,1,0,0,1,3.0,John Cheng,hcheng@uab.edu,unsure,3,"The candidate appears to represent whether amyloid beta is the primary target of drug entry 4. However, the generated name omits the fourth-entry context, and a presence indicator should have defined categorical values such as Yes and No rather than an unrestricted numeric value. A clearer name would be “Primary amyloid-beta target presence for drug entry 4.”",,,,,,2026-06-15T15:14:08Z,Primary amyloid-beta target presence for drug entry 4
aa2e4d1010c5aa889c17a4edbd955816120f0585,5 drug target primary inflammation,Treatment,1,Accepted by majority,3,2,0,1,4.0,John Cheng,hcheng@uab.edu,unsure,3,"The candidate appears to represent whether inflammation is the primary target of drug entry 5, but the sequence number is ambiguously positioned. A clearer name would be “Primary inflammation target presence for drug sequence 5.” The permissible values should also define the expected presence categories rather than an unrestricted numeric value.",,,,,,2026-06-15T14:58:41Z,Primary inflammation target presence for drug sequence 5
75a6564c32e7ef2bb1306b853d172a720b09daae,Primary other 5 drug target identifier,Treatment,1,Accepted by majority,3,3,0,0,4.7,John Cheng,hcheng@uab.edu,accept_candidate,4,"The candidate captures a numeric identifier for the fifth “other” primary drug target entry. However, the name is ambiguous because the placement of “5” is unclear. A clearer name would be “Primary other drug target 5 identifier” or “Identifier for fifth other primary drug target.”",,,,,,2026-06-15T14:49:31Z,Primary other drug target 5 identifier
486080fed6abbe1cd7c2a090ddc4804133541a6c,Patient start month,Treatment,1,Accepted by majority,4,3,0,1,4.0,John Cheng,hcheng@uab.edu,unsure,3,"The candidate preserves the month values and unknown code, but the source label includes “(5),” which appears to identify the fifth repeated treatment or medication entry. That sequence context is absent from the generated candidate. The name should be clarified, for example, as “Start month for treatment entry 5,” if that is the intended meaning.",,,,,,2026-06-15T15:08:38Z,"Start month for treatment entry 5,"
675c9e6fb42d5d5a1b2a7bff343f325692596357,6 episode end year,Treatment,1,Accepted by majority,3,2,0,1,4.0,John Cheng,hcheng@uab.edu,accept_candidate,4,"The candidate captures the episode number, end concept, year modifier, ongoing code, and unknown code. However, the candidate name should be reordered to “Episode 6 end year.” The generated permissible values should also retain the source-specified lower bound of 1990.",,,,,,2026-06-15T14:40:44Z,Episode 6 end year
48ab00f9942f2831908df5fbc3e820f11a25f96b,Sequence 7 drug target primary tau presence,Treatment,1,Rejected by majority,2,0,1,1,2.5,John Cheng,hcheng@uab.edu,unsure,3,"The candidate appears to represent whether tau is the primary target of drug entry 7, but the name should be reordered for clarity, for example, “Primary tau target presence for drug sequence 7.” Because this is a presence indicator, the permissible values should be defined as categorical Yes/No values rather than an unrestricted number.",,,,,,2026-06-15T14:58:41Z,Primary tau target presence for drug sequence 7
562c5186f2ad4aac253e8f3f9a1c033e8b3a45a7,7 episode end date month,Treatment,1,Accepted by majority,2,2,0,0,4.5,John Cheng,hcheng@uab.edu,accept_candidate,4,"The candidate preserves episode 7, the end-date month concept, and all month, ongoing, and unknown values. However, the candidate name should be reordered to “Episode 7 end date month.”",,,,,,2026-06-15T15:08:38Z,Episode 7 end date month
6821d0a157391c7f518f74d52e6345b7f3377851,Drug target primary drug other name,Treatment,1,Accepted by majority,3,2,0,1,4.0,John Cheng,hcheng@uab.edu,unsure,3,"The candidate captures a primary drug target entered as free text, but the name is misleading because “other name” could be interpreted as an alternate drug name rather than another target. A clearer name would be “Other primary drug target name” or “Other primary drug target, specify.” The Text permissible-value type is appropriate.",,,,,,2026-06-15T14:40:44Z,Other primary drug target name
dfc96ba30c2198ff4c21e212939722180dfd610d,Patient start date month,Treatment,1,Reviewed,1,0,0,1,3.0,John Cheng,hcheng@uab.edu,unsure,3,"The candidate captures the month component of a start date and preserves the month and unknown values. However, the source label includes “(8),” which appears to identify the eighth treatment or entry, and this context is absent from the generated candidate. The name should clarify the relevant sequence, for example, “Start date month for treatment entry 8,” if that is the intended meaning.",,,,,,2026-06-15T15:04:27Z,"Start date month for treatment entry 8,"
a0a6129d8f82ffd2d8e7b3fc438054d54e55469d,Patient adverse event presence major treatment-associated ADRD biomarker-modifying,Treatment,1,Accepted by majority,2,1,0,1,4.0,John Cheng,hcheng@uab.edu,unsure,3,"The candidate captures the general presence of a major adverse event associated with ADRD biomarker-modifying treatment, and the Yes, No, and Unknown values are correct. However, the name is difficult to interpret and does not preserve the historical “ever experienced” context or explicitly identify ARIA-E and ARIA-H. A clearer name would be “History of ARIA-E, ARIA-H, or other major adverse event associated with ADRD biomarker-modifying treatment.”",,,,,,2026-06-15T14:40:44Z,"History of ARIA-E, ARIA-H, or other major adverse event associated with ADRD biomarker-modifying treatment"
f49e46bf41c48292065b5e12b0ddd9690b73c49f,Patient coronary artery bypass surgery age most recent,Treatment,1,Accepted by majority,3,3,0,0,4.7,John Cheng,hcheng@uab.edu,accept_candidate,4,"The candidate correctly represents the patient’s age at the most recent coronary artery bypass surgery and preserves the permissible values. However, the candidate name should be reordered to “Age at most recent coronary artery bypass surgery,” and the age unit should be identified as years if supported by the source metadata.",,,,,,2026-06-15T14:40:44Z,"Age at most recent coronary artery bypass surgery,"
01bfdc4c9fa1b915ae8ffcb710aa59556361256e,Patient sleep apnea oral device or breathing pacemaker use duration nightly typical past 12 months,Treatment,1,Accepted by majority,2,1,0,1,4.0,Jinlian Wang,jinlian.wang@austin.utexas.edu,unsure,3,"Generated name is excessively long and grammatically awkward (needs shortening and rephrasing for clarity, e.g., ""Typical nightly use of sleep apnea oral device/breathing pacemaker past 12 months""). Permissible values correctly map but code order in description is rearranged. Structure and modifiers are mostly preserved. Requires name revision for usability.",,,,,,2026-06-22T18:14:24Z,Typical nightly use of sleep apnea oral device/breathing pacemaker past 12 months
ff91c8064d093e7f8e81a26c1d39b14ef9a2e02d,Patient hormone therapy cancer treatment presence,Treatment,1,Accepted by majority,3,2,0,1,4.3,Swathi Thaker,user-91@example.com,unsure,3,"The name suggests a presence indicator for hormone therapy as cancer treatment, but the permissible values list types of hormone therapy, Tamoxifen, Aromasin, Femara, and Other, rather than yes/no presence. The property “Hormone therapy” is appropriate, but the candidate name should reflect hormone therapy type rather than presence.",,,,,,2026-06-05T18:42:32Z,Patient cancer hormone therapy type
68829c211328e596165dba6207e0909fbfb218df,Patient cancer treatment type other specified,Treatment,1,Conflicting review,4,3,1,0,3.8,John Cheng,hcheng@uab.edu,reject_candidate,2,"The source requests a free-text specification of an unlisted cancer treatment type. The generated candidate instead introduces numerous coded treatment categories, Yes/No values, and exception codes that are not shown in the source and do not consistently represent an “other, specify” field. The permissible value should be Text, and a clearer name would be “Other cancer treatment type specification.”",,,,,,2026-06-15T15:14:08Z,Other cancer treatment type specification
6f642cdd0c45cdb375e747ea5aa74f39c0c6bc7d,Patient hormone replacement therapy use duration,Treatment,1,Accepted by majority,1,1,0,0,4.0,John Cheng,hcheng@uab.edu,accept_candidate,4,"The candidate correctly represents the total duration of hormone replacement therapy use and preserves the numeric values and unknown code. However, the source explicitly measures total years, so the candidate name and permissible values should specify years. A clearer name would be “Total duration of hormone replacement therapy use in years.”",,,,,,2026-06-15T15:14:08Z,Total duration of hormone replacement therapy use in years
772a7b499a92904fa0b10c7785ce0587b74a20ce,Patient hormone replacement therapy use age last,Treatment,1,Accepted by majority,2,1,0,1,3.5,John Cheng,hcheng@uab.edu,accept_candidate,4,"The candidate correctly represents age at last use of hormone replacement therapy and preserves the age values, current-use code, and unknown code. However, the candidate name should be reordered to “Age at last hormone replacement therapy use,” with years identified as the unit if supported by the metadata.",,,,,,2026-06-15T14:58:41Z,"Age at last hormone replacement therapy use,"
4d23cfeb5a44c936f6934719f29c2a18187f4aca,2 treatment end date month,Treatment,1,Accepted by majority,1,1,0,0,4.0,John Cheng,hcheng@uab.edu,accept_candidate,4,"The candidate preserves treatment entry 2, the end-date month concept, and all month, ongoing, and unknown values. However, the candidate name should be reordered to “Treatment 2 end date month.”",,,,,,2026-06-15T15:08:38Z,Treatment 2 end date month
bd7348746871bba3614c31c7b1a14af0c00279da,Patient hormone replacement therapy presence,Treatment,1,Accepted by majority,3,2,0,1,4.0,John Cheng,hcheng@uab.edu,accept_candidate,4,"The candidate captures hormone replacement therapy exposure and preserves the Yes, No, and Unknown values. However, “presence” does not clearly communicate that the source asks whether the participant has ever received hormone replacement therapy. A clearer name would be “History of hormone replacement therapy receipt.”",,,,,,2026-06-15T14:49:31Z,History of hormone replacement therapy receipt
83c0f3fdd0bb6faaa86e178922f9e72606ced3a8,Patient hormone replacement therapy initiation age,Treatment,1,Accepted by majority,2,2,0,0,4.5,John Cheng,hcheng@uab.edu,accept_candidate,4,"The candidate correctly represents the total duration of hormone replacement therapy use and preserves the numeric values and unknown code. However, the source explicitly measures total years, so the candidate name and permissible values should specify years. A clearer name would be “Total duration of hormone replacement therapy use in years.”",,,,,,2026-06-15T15:14:08Z,Total duration of hormone replacement therapy use in years
8ed79d2b57a24c42e75d5f2a74140d238f350722,Patient spinal surgery year most recent,Treatment,1,Accepted by majority,6,5,0,1,4.5,John Cheng,hcheng@uab.edu,accept_candidate,4,"The candidate captures the year of the patient’s most recent spinal surgery and preserves the unknown code. However, the candidate name should be reordered to “Year of most recent spinal surgery.” The permissible values should also identify the value as a numeric year, with 9999 reserved for unknown.",,,,,,2026-06-15T14:58:41Z,Year of most recent spinal surgery
8bf4ba4d0cfdbc8007eb64c9d170d20479d6469c,Patient oncology surgery most recent year,Treatment,1,Accepted by majority,1,1,0,0,4.0,John Cheng,hcheng@uab.edu,accept_candidate,4,"The candidate captures the year of the patient’s most recent oncology surgery. However, the candidate name should be reordered to “Year of most recent oncology surgery.” The permissible values should identify this as a numeric year and retain 9999 as the unknown code.",,,,,,2026-06-15T14:40:44Z,Year of most recent oncology surgery
8ba682ee7ab8f223b37d77775f8ac99e4db62218,Patient medication treatment mental health or behavioral disorder presence,Treatment,1,Accepted by majority,2,2,0,0,4.5,Swathi Thaker,user-91@example.com,accept_candidate,4,"The name captures whether medication treatment for a mental health or behavioral disorder is present, and the yes/no values are aligned. Minor issue: the property “Medication Treatment” is somewhat broad and should include the disorder context or presence indicator. The permissible value text also appears to have a stray closing parenthesis after “1 = Yes.”",,,,,,2026-06-04T20:07:11Z,Patient medication treatment for mental health or behavioral disorder presence
89215ea7f672a0ab40570e3c1c25df140968053f,Patient medication treatment pain presence,Treatment,1,Accepted by majority,1,1,0,0,4.0,John Cheng,hcheng@uab.edu,accept_candidate,4,"The candidate preserves the Yes/No indication that the current medication is being used to treat pain. However, the name is awkward and should be revised to something clearer, such as “Current medication use for pain treatment presence” or “Current medication indicated for pain treatment.”",,,,,,2026-06-15T14:58:41Z,Current medication use for pain treatment presence
